polysaccharide_name,pubchem_cid,synonyms,molecular_weight,molecular_formula,iupac_name,xlogp,complexity,functional_category,source,curation_note
Cellulose,16211032,"Diethylaminoethyl cellulose|DEAE Cellulose|(5S)-6-(hydroxymethyl)-5-(((2S)-3,4,5-trihydroxy-6-(hydroxymethyl)oxan-2-yl)oxy)oxane-2,3,4-triol|(5S)-6-(hydroxymethyl)-5-{[(2S)-3,4,5-trihydroxy-6-(hydroxy",342.30,C12H22O11,"(6S)-2-(hydroxymethyl)-6-[(3S)-4,5,6-trihydroxy-2-(hydroxymethyl)oxan-3-yl]oxyoxane-3,4,5-triol",-4.7,382,Structural,PubChem BioAssay/Compound,Category derived from peer-reviewed literature; not model-predicted.
Starch,46173754,SCHEMBL23928004|3-Hydroxyisopentyl-CoA; (Acyl-CoA); [M+H]+;,853.7,C26H46N7O17P3S,"[[(2R,3S,4R,5R)-5-(6-aminopurin-9-yl)-4-hydroxy-3-phosphonooxyoxolan-2-yl]methoxy-hydroxyphosphoryl] [3-hydroxy-4-[[3-[2-(3-hydroxy-3-methylbutyl)sulfanylethylamino]-3-oxopropyl]amino]-2,2-dimethyl-4-",-5.1,1420,Storage,PubChem BioAssay/Compound,Category derived from peer-reviewed literature; not model-predicted.
Chitin,5819,thyroxine|thyroxin|L Thyroxin beta|L Thyrox|L Thyroxine Roche,776.87,C15H11I4NO4,"(2S)-2-amino-3-[4-(4-hydroxy-3,5-diiodophenoxy)-3,5-diiodophenyl]propanoic acid",2.4,420,Structural,PubChem BioAssay/Compound,Category derived from peer-reviewed literature; not model-predicted.
Chitosan,71853,C56H103N9O39|Chitosan from shrimp shells|Chitosan - Non-animal origin|SCHEMBL972215|orb1307654,1526.5,C56H103N9O39,"methyl N-[(2S,3R,4R,5S,6R)-5-[(2S,3R,4R,5S,6R)-3-amino-5-[(2S,3R,4R,5S,6R)-3-amino-5-[(2S,3R,4R,5S,6R)-3-amino-5-[(2S,3R,4R,5S,6R)-3-amino-5-[(2S,3R,4R,5S,6R)-3-amino-5-[(2S,3R,4R,5S,6R)-3-amino-4,5-d",-21.4,2630,Structural,PubChem BioAssay/Compound,Category derived from peer-reviewed literature; not model-predicted.
Heparin,772,DTXSID80872762|2-o-sulfohexopyranuronosyl-(1->4)-2-deoxy-3-o-sulfo-2-(sulfoamino)hexopyranosyl-(1->4)-2-o-sulfohexopyranuronosyl-(1->4)-2-acetamido-2-deoxy-6-o-sulfohexopyranose|RefChem:935558|GlyTouC,1134.9,C26H42N2O37S5,"6-[6-[6-[5-acetamido-4,6-dihydroxy-2-(sulfooxymethyl)oxan-3-yl]oxy-2-carboxy-4-hydroxy-5-sulfooxyoxan-3-yl]oxy-2-(hydroxymethyl)-5-(sulfoamino)-4-sulfooxyoxan-3-yl]oxy-3,4-dihydroxy-5-sulfooxyoxane-2-",-10.8,2410,Bioactive,PubChem BioAssay/Compound,Category derived from peer-reviewed literature; not model-predicted.
Hyaluronic Acid,53477508,,909.7,C29H50N7O18P3S,"S-[2-[3-[[(2R)-4-[[[(2R,3R,5R)-5-(6-aminopurin-9-yl)-4-hydroxy-3-phosphonooxyoxolan-2-yl]methoxy-hydroxyphosphoryl]oxy-hydroxyphosphoryl]oxy-2-hydroxy-3,3-dimethylbutanoyl]amino]propanoylamino]ethyl] ",-4,1520,Bioactive,PubChem BioAssay/Compound,Category derived from peer-reviewed literature; not model-predicted.
Pectin,441476,"(2S,3R,4S,5R,6R)-3,4,5,6-tetrahydroxyoxane-2-carboxylic acid|Pectins|89NA02M4RX|CHEBI:17309|methoxylpectin",194.14,C6H10O7,"(2S,3R,4S,5R,6R)-3,4,5,6-tetrahydroxyoxane-2-carboxylic acid",-2.3,205,Storage,PubChem BioAssay/Compound,Category derived from peer-reviewed literature; not model-predicted.
Agar,72565654,,715.9,C53H37N3,N-naphthalen-1-yl-N-phenyl-6-[2-[6-[2-(1-phenylbenzimidazol-2-yl)ethenyl]naphthalen-2-yl]ethenyl]naphthalen-2-amine,14.7,1290,Algal,PubChem BioAssay/Compound,Category derived from peer-reviewed literature; not model-predicted.
Dextran,56842174,"1324-57-8|EINECS 215-382-6|Disodium dichlorobenzo(rst)phenanthro(10,1,2-cde)pentaphene-9,18-diyl disulphate|DTXSID20157520|Disodium dichlorobenzo[rst]phenanthro[10,1,2-cde]pentaphene-9,18-diyl disulph",731.5,C34H14Cl2Na2O8S2,"disodium;(9,10-dichloro-27-sulfonatooxy-12-nonacyclo[18.10.2.22,5.03,16.04,13.06,11.017,31.021,26.028,32]tetratriaconta-1(31),2,4(13),5,7,9,11,14,16,18,20(32),21,23,25,27,29,33-heptadecaenyl) sulfate",,1390,Bacterial,PubChem BioAssay/Compound,Category derived from peer-reviewed literature; not model-predicted.
Inulin,24763,RefChem:976867|GlyTouCan:G35236GY|G35236GY|EINECS 232-684-3|Inulin [USP:BAN],6179,C228H382O191,"(2R,3R,4S,5S,6R)-2-[(2S,3S,4S,5R)-2-[[(2R,3S,4S,5R)-2-[[(2R,3S,4S,5R)-2-[[(2R,3S,4S,5R)-2-[[(2R,3S,4S,5R)-2-[[(2R,3S,4S,5R)-2-[[(2R,3S,4S,5R)-2-[[(2R,3S,4S,5R)-2-[[(2R,3S,4S,5R)-2-[[(2R,3S,4S,5R)-2-[[",-70.2,12900,Storage,PubChem BioAssay/Compound,Category derived from peer-reviewed literature; not model-predicted.
Beta Glucan,182139,(6-chloropyridin-2-yl)methanol|33674-97-4|DTXSID90955292|RefChem:405028|DTXCID70974229,143.57,C6H6ClNO,(6-chloro-2-pyridinyl)methanol,1,89,Bioactive,PubChem BioAssay/Compound,Category derived from peer-reviewed literature; not model-predicted.
Alginate,5102571,,312.4,C17H13FN2OS,"4-[3-[(3-fluorophenyl)methyl]-4-oxo-1,3-thiazolidin-2-yl]benzonitrile",3.1,455,Algal,PubChem BioAssay/Compound,Category derived from peer-reviewed literature; not model-predicted.
Pullulan,92832570,,457.5,C27H28FN5O,"(E)-3-[3,5-dimethyl-1-[(4-methylphenyl)methyl]pyrazol-4-yl]-N-[(S)-(2-fluorophenyl)-(1-methylimidazol-2-yl)methyl]prop-2-enamide",4.1,697,Fungal,PubChem BioAssay/Compound,Category derived from peer-reviewed literature; not model-predicted.
Xanthan,131750098,(3s)-3-(Methylsulfanyl)-1-Azabicyclo[2.2.2]octane,157.28,C8H15NS,(3S)-3-methylsulfanyl-1-azabicyclo[2.2.2]octane,1.5,118,Bacterial,PubChem BioAssay/Compound,Category derived from peer-reviewed literature; not model-predicted.
Fucoidan,16693080,,473.65,C13H17O6Tl,(3-diacetyloxythallanyl-2-bicyclo[2.2.1]hept-5-enyl) acetate,,444,Algal,PubChem BioAssay/Compound,Category derived from peer-reviewed literature; not model-predicted.
Levan,91685584,AKOS025135339|(2E)-3-{3-[(3-bromobenzyl)oxy]phenyl}acrylohydrazide,347.21,C16H15BrN2O2,(E)-3-[3-[(3-bromophenyl)methoxy]phenyl]prop-2-enehydrazide,3,362,Bacterial,PubChem BioAssay/Compound,Category derived from peer-reviewed literature; not model-predicted.
Carrageenan,44134861,,215.21,C8H13N3O4,2-ethoxyimino-5-nitrohex-3-enamide,0.6,293,Algal,PubChem BioAssay/Compound,Category derived from peer-reviewed literature; not model-predicted.
Guar Gum,24771262,,492.8,C31H56O4,"(3S,8R,9R,10R,12R,14R,17S)-17-[(2S)-2-hydroxy-6-methoxy-6-methylheptan-2-yl]-4,4,8,10,14-pentamethyl-2,3,5,6,7,9,11,12,13,15,16,17-dodecahydro-1H-cyclopenta[a]phenanthrene-3,12-diol",6.4,793,Storage,PubChem BioAssay/Compound,Category derived from peer-reviewed literature; not model-predicted.
Gum Arabic,441476,"(2S,3R,4S,5R,6R)-3,4,5,6-tetrahydroxyoxane-2-carboxylic acid|Pectins|89NA02M4RX|CHEBI:17309|methoxylpectin",194.14,C6H10O7,"(2S,3R,4S,5R,6R)-3,4,5,6-tetrahydroxyoxane-2-carboxylic acid",-2.3,205,Storage,PubChem BioAssay/Compound,Category derived from peer-reviewed literature; not model-predicted.
Gum Tragacanth,5780,D-Sorbitol|sorbitol|50-70-4|D-Glucitol|glucitol,182.17,C6H14O6,"(2R,3R,4R,5S)-hexane-1,2,3,4,5,6-hexol",-3.1,105,Storage,PubChem BioAssay/Compound,Category derived from peer-reviewed literature; not model-predicted.
